{"cameraMode":{"drawMode":0,"name":"Shaded","section":"Shading Mode"},"sceneLighting":true,"audioPlay":false,"sceneViewState":{"showFog":true,"showMaterialUpdate":false,"showSkybox":true,"showFlares":true,"showImageEffects":true,"showParticleSystems":true},"in2DMode":false,"pivot":{"x":-11.807708740234375,"y":0.6770246028900147,"z":0.6367063522338867},"rotation":{"x":0.003704208880662918,"y":0.9752530455589294,"z":-0.22045236825942994,"w":0.01638653874397278},"size":2.6351585388183595,"orthographic":false}