{"cameraMode":{"drawMode":0,"name":"Shaded","section":"Shading Mode"},"sceneLighting":true,"audioPlay":false,"sceneViewState":{"showFog":true,"showMaterialUpdate":false,"showSkybox":true,"showFlares":true,"showImageEffects":true,"showParticleSystems":true},"in2DMode":false,"pivot":{"x":-4.632136821746826,"y":2.1200103759765627,"z":1.679704189300537},"rotation":{"x":-0.003977169748395681,"y":0.8335192203521729,"z":-0.5524436235427856,"w":-0.006000859662890434},"size":5.607171058654785,"orthographic":false}